1.	Ferdacan	Cansu	cansu@itu.edu.tr
2.	Mihrinaz	Cansu	cansum@itu.edu.tr
3.	Demircan	Ciddi	ciddi@itu.edu.tr
4.	Gediz	Ciddi	ciddig@itu.edu.tr
5.	Lerzan	Ciddi	ciddil@itu.edu.tr
6.	Paker	Ciddi	ciddip@itu.edu.tr
7.	Zeynep	Ciddi	ciddiz@itu.edu.tr
8.	Zeynep	Ciddi	ciddize@itu.edu.tr
9.	Can	Deliloglu	deliloglu@itu.edu.tr
10.	Caner	Deliloglu	delilogluc@itu.edu.tr
11.	Naci	Deliloglu	deliloglun@itu.edu.tr
12.	Sena	Deliloglu	deliloglus@itu.edu.tr
13.	Tunahan	Deliloglu	deliloglut@itu.edu.tr
14.	Uzel	Deliloglu	delilogluu@itu.edu.tr
15.	Yasemin	Deliloglu	delilogluy@itu.edu.tr
16.	Candan	Dincturk	dincturk@itu.edu.tr
17.	Latif	Dincturk	dincturkl@itu.edu.tr
18.	Mehmet	Dincturk	dincturkm@itu.edu.tr
19.	Ozan	Dincturk	dincturko@itu.edu.tr
20.	Ramazan	Dincturk	dincturkr@itu.edu.tr
21.	Talya	Dincturk	dincturkt@itu.edu.tr
22.	Lale	Egin	egin@itu.edu.tr
23.	Taylan	Egin	egint@itu.edu.tr
24.	Bedriye	Esgin	esgin@itu.edu.tr
25.	Behin	Esgin	esginb@itu.edu.tr
26.	Dilay	Esgin	esgind@itu.edu.tr
27.	Hazar	Esgin	esginh@itu.edu.tr
28.	Osman	Esgin	esgino@itu.edu.tr
29.	Yakup	Esgin	esginy@itu.edu.tr
30.	Atahan	Fatin	fatin@itu.edu.tr
31.	Mustafa	Fatin	fatinm@itu.edu.tr
32.	Velit	Fatin	fatinv@itu.edu.tr
33.	Bedia	Findik	findik@itu.edu.tr
34.	Fethullah	Findik	findikf@itu.edu.tr
35.	Halim	Findik	findikh@itu.edu.tr
36.	Kemal	Findik	findikk@itu.edu.tr
37.	Kubat	Findik	findikku@itu.edu.tr
38.	Nugaye	Findik	findikn@itu.edu.tr
39.	Okan	Findik	findiko@itu.edu.tr
40.	Canberk	Ocar	ocar@itu.edu.tr
41.	Doktora	Ocar	ocard@itu.edu.tr
42.	Perker	Ocar	ocarp@itu.edu.tr
43.	Alper	Orhan	orhan@itu.edu.tr
44.	Cem	Orhan	orhanc@itu.edu.tr
45.	Irmak	Orhan	orhani@itu.edu.tr
46.	Numan	Orhan	orhann@itu.edu.tr
47.	Buket	Serifoglu	serifoglu@itu.edu.tr
48.	Hatice	Serifoglu	serifogluh@itu.edu.tr
49.	Haluk	Serifoglu	serifogluha@itu.edu.tr
50.	Hulki	Serifoglu	serifogluhu@itu.edu.tr
51.	Mehdi	Serifoglu	serifoglum@itu.edu.tr
52.	Nedim	Serifoglu	serifoglun@itu.edu.tr
53.	Samet	Serifoglu	serifoglus@itu.edu.tr
54.	Vahide	Serifoglu	serifogluv@itu.edu.tr
55.	Zahide	Serifoglu	serifogluz@itu.edu.tr
56.	Cafer	Sevcan	sevcan@itu.edu.tr
57.	Fahir	Sevcan	sevcanf@itu.edu.tr
58.	Nurfer	Sevcan	sevcann@itu.edu.tr
59.	Aylin	Sevkin	sevkin@itu.edu.tr
60.	Eser	Sevkin	sevkine@itu.edu.tr
61.	Gelincik	Sevkin	sevking@itu.edu.tr
62.	Hatice	Sevkin	sevkinh@itu.edu.tr
63.	Latife	Sevkin	sevkinl@itu.edu.tr
64.	Okbay	Sevkin	sevkino@itu.edu.tr
65.	Selcen	Sevkin	sevkins@itu.edu.tr
66.	Tayyip	Sevkin	sevkint@itu.edu.tr
67.	Pertev	Seyfi	seyfi@itu.edu.tr
68.	Polat	Seyfi	seyfip@itu.edu.tr
69.	Iraz	Tanrikulu	tanrikulu@itu.edu.tr
70.	Kubilay	Tanrikulu	tanrikuluk@itu.edu.tr
71.	Muhammed	Tanrikulu	tanrikulum@itu.edu.tr
72.	Ceyhun	Tezmen	tezmen@itu.edu.tr
73.	Edis	Tezmen	tezmene@itu.edu.tr
74.	Efecan	Tezmen	tezmenef@itu.edu.tr
75.	Hasan	Tezmen	tezmenh@itu.edu.tr
76.	Jiyan	Tezmen	tezmenj@itu.edu.tr
77.	Raif	Tezmen	tezmenr@itu.edu.tr
78.	Sabiha	Tezmen	tezmens@itu.edu.tr
79.	Serra	Tezmen	tezmense@itu.edu.tr
80.	Yasemin	Tezmen	tezmeny@itu.edu.tr
81.	Bahar	Yardimci	yardimci@itu.edu.tr
82.	Feray	Yardimci	yardimcif@itu.edu.tr
83.	Furkan	Yardimci	yardimcifu@itu.edu.tr
84.	Ilgaz	Yardimci	yardimcii@itu.edu.tr
85.	Kerim	Yardimci	yardimcik@itu.edu.tr
86.	Rima	Yardimci	yardimcir@itu.edu.tr
87.	Sena	Yardimci	yardimcis@itu.edu.tr
88.	Uras	Yardimci	yardimciu@itu.edu.tr
89.	Rana	Yolcu	yolcu@itu.edu.tr
90.	Vedia	Yolcu	yolcuv@itu.edu.tr
91.	Ecem	Zagli	zagli@itu.edu.tr
92.	Kerime	Zagli	zaglik@itu.edu.tr
93.	Yaprak	Zagli	zagliy@itu.edu.tr
94.	Yeliz	Zagli	zagliye@itu.edu.tr
95.	Esim	Zaptiye	zaptiye@itu.edu.tr
96.	Gamze	Zaptiye	zaptiyeg@itu.edu.tr
97.	Oktay	Zaptiye	zaptiyeo@itu.edu.tr
98.	Paksoy	Zaptiye	zaptiyep@itu.edu.tr
99.	Ugur	Zaptiye	zaptiyeu@itu.edu.tr
100.	Zeynep	Zaptiye	zaptiyez@itu.edu.tr
